URL,Category
https://gondolina.myshopify.com/it,fashion
https://chicshoesg.myshopify.com/,fashion
https://gallucci-shoes.myshopify.com/,fashion
https://lorenzishoes.myshopify.com/,fashion
https://harris1913.myshopify.com/,fashion
https://gondolina.myshopify.com/it/blogs/news/the-genesis-of-gondolina,fashion
https://ska-shoes.myshopify.com/,fashion
https://strategia-shoes.myshopify.com/,fashion
https://identita-shoes.myshopify.com/,fashion
https://bottega-amati.myshopify.com/,fashion
https://milk-boutique.myshopify.com/collections/belts,accessories
https://pleasures-milano-official.myshopify.com/en/collections/mens-belts,accessories
https://nq0jjh-ss.myshopify.com/collections/women-belts,accessories
https://gearheadoutfitters.myshopify.com/collections/womens-belts,accessories
https://joesbelts.myshopify.com/products/sleek-leather-belt,accessories
https://mens-77-accessoires.myshopify.com/products/fashion-automatic-buckle-genuine-leather-mens-belts-luxury-brand-jeans-high-quality-goth-waist-belt-for-men-black-big-130cm-long-1?srsltid=AU7gw4VGv8kPMHDLt_IaMSjTCuhNOxQ223Xk9SY-CmzJwnS3NwOENtIX,accessories
https://10corsocomo.myshopify.com/en-gb/products/yuketen-belts-buckbrown-000031216,accessories
https://kennedy-parker.myshopify.com/en-nz/products/belt-dark-tan-dress,accessories
https://timberland-gr.myshopify.com/en/collections/men-accessories-belts,accessories
