brand,main_domain,category,sku,Text Only Search,UX Designed,PMI,P.IVA,Score 0-4,Platform,Email,Tel,Priority
Made in Italy,https://www.gondolinaofficial.com,fashion,444,N,Y,Y,04888960277,3,Shopify,customercare@gondolinaofficial.com,04888960277,HIGH
Chic Shoes,https://chicshoes.eu,fashion,288,Y,Y,N,08926021216,3,Shopify,chicmarziachiarasrls@legalmail.it,+39 3271834548,HIGH
Gallucci Shoes Made in Italy,https://www.galluccishoes.it,fashion,144,Y,Y,Y,01705780441,3,Shopify,Sneakerinblackle@herandlightsolesostitutiscilascarpaconilpro.tocaricato,01705780441,HIGH
Lorenzi Shoes,https://www.lorenzishoes.it,fashion,69,Y,Y,N,00985170448,2,Shopify,lorenzi@lorenzishoes.it,+39 0734628358,LOW
Harris Shoes 1913,https://us.harrisshoes.it,fashion,45,Y,Y,Y,04098090485,3,Shopify,e-commerce@calzoleriaharris.it,04098090485,HIGH
SKA Shoes,https://skashoes.com,fashion,219,Y,Y,N,05790350960,3,Shopify,servizioclienti@skashoes.com,+39 039327157,HIGH
Strategia Shoes,https://strategiashoes.com,fashion,387,Y,Y,Y,01146180433,4,Shopify,servizioclienti@strategiashoes.com,01146180433,HIGH
Scarpe di Lusso da Donna,https://us.identitashoes.com,fashion,360,Y,Y,N,07966160728,3,Shopify,supporto@identitashoes.it,+39 0883 955906,HIGH
Free,https://bottega-amati.myshopify.com,fashion,78,N,Y,N,11739300967,1,Shopify,info@solarimilano.com,0562/9457/2185,LOW
Milk Boutique,https://www.shopatmilk.com,accessories,222,N,Y,N,,2,Shopify,shopmilkinfo@gmail.com,323.951.0330,LOW
Pleasures Milano,https://www.pleasuresmilano.com,accessories,108,Y,Y,Y,10258760965,3,Shopify,info@pleasuresmilano.com,+39 02 84214497,HIGH
Gearhead Outfitters,https://gearheadoutfitters.myshopify.com,accessories,111,Y,Y,N,,2,Shopify,support@gho.com,0260/4004/1575,LOW
Joe's Accessories,https://joesbelts.myshopify.com,accessories,96,Y,Y,N,,2,Shopify,,1633358570,LOW
Men's 77 Accessoires,https://mens-77-accessoires.myshopify.com,accessories,72,N,Y,N,,1,Shopify,mens-77-accessoires@hotmail.com,,LOW
10corsocomo,https://10corsocomo.com,accessories,144,N,Y,Y,09579180150,2,Shopify,3rooms@10corsocomo.com,%20+390229002674,LOW
Mens Shoes,https://kennedyparker.store,accessories,333,Y,Y,N,,3,Shopify,,1300 363 992,HIGH
Timberland Greece,https://timberland-gr.myshopify.com,accessories,96,N,Y,N,,1,Shopify,customersupport@timberlandshop.gr,+302106859366,LOW
